GeneID,baseMean,log2FoldChange,lfcSE,stat,pvalue,padj
TCAATGCATTGAAAGTGACTA,618.866374422038,3.87348878921675,0.762297231561073,5.08133655593162,3.74788410475612e-07,0.000120681868173147
TTGAATTGAAGTGCTTGAATT,669.960170136416,2.7000869484102,0.585124648739291,4.61455000097468,3.93947929129134e-06,0.000422837443931937
TTAGATGACCATCAACAAACT,7337.10191349328,1.09533426736226,0.236546819181431,4.63051784485059,3.64752344326163e-06,0.000422837443931937
CGAGGATTCGTCGACCAGGACGGC,60.1482500671358,-2.86373447719272,0.655900408894168,-4.36611174251424,1.26477794358476e-05,0.00101814624458573
CTTTGTCTACAATTTTGGAAA,25.2623063312427,3.19709953477912,0.749907834205538,4.26332328980956,2.01408789695531e-05,0.0012376968275729
TATGGAAGAAATTGTAGTATT,110.469842820474,3.23295357939427,0.763755629195866,4.23296857765637,2.30626738057062e-05,0.0012376968275729
TTCGATAGTAAATCTGATTCT,7.01731671136024,6.15962274846796,1.56469880057307,3.93661882159812,8.26377118308477e-05,0.003801334744219
ATCATGCTATCTCTTTGGATT,85.9180491343977,2.22614213907634,0.612534539351868,3.63431283635346,0.000278722504939503,0.011218580823815
TGATTGGAAATTTCGTTGACT,43.7888412901117,2.90868913682068,0.820180503255042,3.54640121933769,0.000390531122968964,0.0133639187593965
TCATTGAGTGCATCGTTGATG,929.499143033311,1.90653776686407,0.540043920659757,3.5303383556932,0.000415028532900512,0.0133639187593965
GCTCTCTAGCCTTCTGTCATC,853.655821883802,-1.31437966245832,0.377709855169562,-3.47986594596074,0.000501664729165002,0.0146850947991937
TAGACCATTTGTGAGAAGGGA,303.351241432749,1.28994169860825,0.388770855783607,3.31799999773195,0.000906644851961252,0.0243283035276269
TATGAGAGTATTATAAGTCAC,52.347650762874,2.76486449124819,0.856835379402292,3.22683278225147,0.00125168585945721,0.0310032959034787
TGCGGGAAGCATTTGCACATG,261.815599163605,1.01984030308201,0.332024016523325,3.07158594658579,0.002129248557409,0.048972716820407
ACTCATAAGATCGTGACACGT,42.2139243772587,1.82892471714702,0.601120613075294,3.04252537238801,0.00234602038761853,0.0503612376542111
ATTGGCGCCGGTGTTGTAGATGAC,88.6063860829838,-1.71474283493393,0.572385496532526,-2.99578316592878,0.00273741010754928,0.0518497679194629
ATACACCGAGGACTTTATGAAATC,806.682488284543,-1.23833253807145,0.413031900283342,-2.99815229095368,0.00271621906206748,0.0518497679194629
TCTGTGATTCTCTGTGTAAGC,183.337459937401,1.57175529450554,0.536462155475739,2.92985307250928,0.00339122309663439,0.0606652131731263
TCTGGTGTTGAGATAGTTGAC,19.2546943151213,2.17384852148253,0.750855931790441,2.89516061529795,0.00378964573802202,0.0642245225075311
TGAGAATGCAAATCCTTAGCT,12.4508779876694,2.52496934420572,0.90046659206021,2.80406776494478,0.00504622978477844,0.0812442995349329
TTAGAGTTTTCTGGATACTTA,40.1337198696281,1.88685302037347,0.691835557336398,2.72731431676907,0.00638521835972944,0.0979066815158514
TTGTTTTGGATCTTAGATACA,2.42581442964415,4.72304289801035,1.83894601780523,2.568342328856,0.0102186187012901,0.149563419173428
GGAGATTGACACAAATGGCACTG,2.12909443895843,5.14947032807484,2.02648639317479,2.54108310098616,0.0110509650135801,0.154713510190122
ATCCTCGGGATACAGTTTACC,221.7680315441,-0.936732096893398,0.374066969814194,-2.50418286693073,0.0122734580176251,0.164668895069803
TGAGATGAAATCTTTGATTGG,32.6724871477681,2.15318415379007,0.879232097913133,2.44893715652633,0.0143278444176108,0.184542636098828
TTGGCCCATGTCGTTATGATT,56.3856884477923,-1.18483945629924,0.48896623159834,-2.42315190647465,0.0153864912089774,0.190555775741951
AAGGAGTGGCATGTGAACACA,10.4137920908188,-1.94622516488144,0.821856934031803,-2.36808267265422,0.0178805399255656,0.213241994667856
CCCGCCTTGCATCAACTGAAT,353.26015421569,-1.30303505615363,0.559772066965104,-2.32779578162635,0.0199229501869181,0.229113927149558
CTGAAGTGTTTGGGGGAACTC,5.54233449894012,2.85941175950447,1.24394588568133,2.29866250004785,0.0215241115147064,0.231025463591182
GCTCACTGCTCTTTCTGTCAGA,120.600761500009,-0.900486678351828,0.389826498244213,-2.30996785084554,0.0208899340679501,0.231025463591182
TTCGATGTCTAGCAGTGCCA,65.147067067076,1.04409417284329,0.46086977283668,2.26548633557986,0.0234828516137464,0.243918652246011
TCAATAGATTGGACTATGTAT,14.301261834587,2.82882616733515,1.27167692704459,2.22448493573712,0.0261158349349626,0.262790589033062
TCCCAAATGTAGACAAAGCA,39190.5828052971,1.22102982868901,0.560297720680136,2.17925182206136,0.0293129661028118,0.277527691089843
GGACTGTTGTCTGGCTCGAGG,935.892485139556,-0.875714544320183,0.406510055548438,-2.1542260329544,0.0312224502504055,0.277527691089843
TAAGTTAAGATTTGTGAAGAA,2.25681899044129,4.06717030141364,1.9048962579734,2.13511380705879,0.0327517150975591,0.277527691089843
TTTTGTATGTTGAAGGTGTAT,8.05842257021766,3.07139907122062,1.41257440552534,2.17432728442956,0.02968056475084,0.277527691089843
ATCATGCGATCTCTTTGGATT,325.530550019943,1.14903513022769,0.532785152309991,2.1566575668369,0.031032355538111,0.277527691089843
AAAACCCACTGGGTACCCAAAACC,77.2410335226951,-1.72435814287754,0.80759616345543,-2.13517376741811,0.0327468188318341,0.277527691089843
CAAATTAAAGCTTCAAGGTAG,4.36401780087407,3.38479320090507,1.6258484892041,2.08186262335061,0.0373550196647075,0.293373569074044
TGTTTTGTGCTTGAATCTAATT,28.3547125075881,1.65110014714399,0.788641220203035,2.09360112665543,0.0362955271236069,0.293373569074044
GCTCACTGCTCTATCTGTCAGA,171.754833532162,-0.748621382564242,0.359549504377189,-2.08210934363823,0.0373324832801575,0.293373569074044
AGAATCTTGATGATGCTGCAT,75.0828062047288,1.1933041650065,0.587314778590059,2.03179659103967,0.0421742524607986,0.315816495171562
TTGACAGAAGATAGAGAGCAC,3439.96484114953,0.995895032844757,0.488867823013516,2.03714580089519,0.0416354333006268,0.315816495171562
TGAAGCTGCCAGCATGATCTGG,290.607828996726,-1.21686697767708,0.6054141003494,-2.00997462228711,0.0444338748653026,0.325175175150624
TGCCTGGCTCCCTGTATGCCA,3519.75989894253,-0.658120556285172,0.342201274147667,-1.92319727015739,0.0544552799726019,0.351768146725856
TTGAGAGCAACAAGACATAAT,3.57209702212441,3.64841006423206,1.88079239830545,1.93982603689764,0.0524008352433696,0.351768146725856
GCTCACTCTCTTTTTGTCATAAC,20.30334841949,-1.1651748536464,0.619641325634736,-1.88040210593255,0.0600532967682538,0.351768146725856
TACCAACCTTTCATCGTTCCC,20.0846359330684,-1.1798684400817,0.624786856607715,-1.8884335155317,0.0589677754871249,0.351768146725856
TGCCAAAGGAGATTTGCCCCG,286.699507900926,-0.761784864501209,0.399885697151959,-1.90500653043294,0.0567792222231983,0.351768146725856
AGACGGATCTGTGTTGAAACAGAC,29.6480011716715,-1.1205651019541,0.578662654025679,-1.93647385771049,0.0528096913373978,0.351768146725856
ACAGTTTGTGTTTTGTTTTGT,4.73656187521582,3.23434445883105,1.70455521500337,1.89747121733728,0.0577657740577582,0.351768146725856
GAGAAAACCGGTTGGAACTTGCCT,4.38299519464511,-2.78451345016055,1.4809885711165,-1.8801721393848,0.0600846213351617,0.351768146725856
TTCTCAAGAAGGTGCATGAAC,16.4494383569627,1.40125116393341,0.7387102905497,1.89688864749764,0.057842636081172,0.351768146725856
TTTTTCCTACTCCGCCCATACC,1637.51665268151,-1.26164100661898,0.662550087142597,-1.90421981839909,0.0568815616825876,0.351768146725856
TTAGATTCACGCACAAACTCG,6866.46521248638,1.11719848948633,0.591855394827241,1.88762069122042,0.0590768902865043,0.351768146725856
TGACAGAAGATAGAGAGCAC,102.192579259939,1.10520818422314,0.590480328217838,1.87171042185068,0.061246676916694,0.352168392270991
TCATTGAGTGCAGCGTTGATG,33.6769402638884,1.12696145764339,0.615866312122167,1.82988001691484,0.0672678821827002,0.354555096196036
GAGATACTGTGGAAGGGGATTAGG,3.88972209096577,-2.81141220003052,1.54199429508991,-1.82323125901487,0.0682683725594851,0.354555096196036
ATTAGAGAACTAAGAATGTAACCT,2.21809699540455,3.73270606836232,2.01137136193899,1.85580153868947,0.0634818511855993,0.354555096196036
TAACTATTTTGAGAAGAAGTG,2.1121802109378,3.71062942077509,2.01591880974195,1.84066411942953,0.0656707950928407,0.354555096196036
CATTCAAGGACTTCTATTCAG,18.3125198200153,1.71387953292297,0.938202948440585,1.82676843615943,0.0677345935508843,0.354555096196036
TTTTCTTCTACTTCTTGCACA,11.8105314472343,2.02486299172977,1.10734139093158,1.82858060604626,0.0674624602212195,0.354555096196036
GCTTACTCTCTCTCTGTCACC,83.7113080140442,-1.14063531135782,0.632131941425925,-1.80442600129467,0.0711645499777928,0.363729922108719
AAACGAACAAAAAACTGATGG,1.2617044804625,4.2195739571967,2.35347675376583,1.79291082881736,0.072987183553281,0.364803509593388
GCTCTCTATACTTCTGTCACC,382.329600340892,-0.613249921906506,0.342819733333084,-1.78884078796792,0.0736404600110875,0.364803509593388
GCGGATATTTTAGGCTACCCGAAA,5.00895325172986,-2.9408109136669,1.65768313296303,-1.77404888497016,0.0760550646090787,0.365518370210796
AATTAAAGATTTCATCTTACT,0.929853590173779,5.36371199990693,3.01345169878104,1.77992300393485,0.0750885623940941,0.365518370210796
AAGCTCAGGAGGGATAGCGCC,1503.66059684491,-0.626462208089194,0.360151091128136,-1.73944276033391,0.0819569123100586,0.388090084762336
TGGGTGGTGATCATATAAGAT,25.38123407369,1.07269493145775,0.631535856031464,1.69854953002749,0.0894040927961025,0.417219099715145
ACCGGATTAGTTTTAGAGATAAGT,5.06380264412282,-1.9346931822119,1.15943509292894,-1.66865156489659,0.0951864532947052,0.431690675505565
TCGTCTCGGTTCGCGATCCAC,3.08887120663504,-2.51884849046078,1.50647508498713,-1.67201470210992,0.0945214229875478,0.431690675505565
TCTCGGTTCGCGATCCACAAG,7.86015279236381,1.60087616264997,0.963878569284397,1.66086913192654,0.0967397329765139,0.432641583589409
GGGCATCTTTCTATTGGCAGG,118.526978594178,-1.05121154976535,0.653034405889754,-1.60973379087597,0.107455984740719,0.437599669738315
GCTCACTCTCTATCCGTCACC,36.3083568788843,-1.36335900026857,0.854042787740881,-1.59635912841666,0.110408635788631,0.437599669738315
GATGGATATGTCTTCAAGGAC,11.6699231304197,1.467258620055,0.893309943176149,1.64249668467607,0.100487112666434,0.437599669738315
TTGCCCCGGATTGTGTTGTTCCA,3.41366690981141,-2.24476828210089,1.40375514085542,-1.59911669547509,0.109794675658689,0.437599669738315
TTGTGCGGTTCAAATAGTAAC,57.8691684985176,0.943446778600885,0.577463197409628,1.63377819198345,0.102305433056592,0.437599669738315
TTTGTACAACATTTTTAGTGT,8.77884445005918,2.09259097468743,1.28458521203647,1.62900129557775,0.103312744684027,0.437599669738315
ATGCGATTGAGAGCAACAAGA,24.4775503759843,1.28909242240461,0.787881417280005,1.63615030654604,0.101808133761488,0.437599669738315
TACGCATTGAGTTTCGTTGCTT,78.6683857362173,0.732349920283496,0.460087876679161,1.59176096003546,0.111438425212863,0.437599669738315
TTCCTTCTGAAAACTAAAATT,6.87723236544489,2.2684668431785,1.41420389661615,1.60405925100785,0.108700992839715,0.437599669738315
ACTTTGAAGCTTTGATTTGAA,9.65274460881228,1.67230655333445,1.04025743215327,1.60758914249992,0.107925191716997,0.437599669738315
TAGCCAAGGATGACTTGCCTG,86.5131680837751,0.781119650382042,0.494550222949919,1.57945465219443,0.114231810173523,0.443164371998487
TTGTTTAGGTCCCTTAGTTTC,35.0321351539544,-0.768153485392695,0.488407472239171,-1.57277177163361,0.115771674167642,0.443791417642627
TTCCACAGCTTTCTTGAACTG,3887.31755181341,0.649030312891896,0.415889513681919,1.56058350004056,0.118622054363134,0.449368252999165
TGATTGAGCCGCGCCAATATC,618.450768528477,-0.633465358218107,0.427424504075801,-1.48205204001539,0.138326448622725,0.463548350952761
TGACATGGGACTGCCTAAGCTA,6.86134982742964,1.53543701504425,1.02926943702101,1.49177364042619,0.135758496415437,0.463548350952761
ATTAGAATGAGAATGTAGATGAAT,12.7150685759974,1.47551929925286,0.997652878281047,1.47899067037743,0.139142808317387,0.463548350952761
AATAGTAGACTAGTCTAGTGCACC,10.4371912618412,1.65011189818663,1.0728518999612,1.538061216321,0.12403364769872,0.463548350952761
GCTCAAGAAAGCTGTGGGAAA,22.4844302796466,0.965550126989539,0.641079160730086,1.5061324499925,0.132033175859038,0.463548350952761
TCTTCTCCAAATAGTTTAGGTT,7.91870302242958,1.73348867697836,1.14754829623452,1.51060193515733,0.130889900641291,0.463548350952761
TGAGTTGGCCCATGAATTTTGACC,453.706093759154,-0.976387705818174,0.650864155335239,-1.50014054056375,0.133578001423025,0.463548350952761
CGCAAATGCGGATATCAATGT,1.77785629512154,3.33710515410137,2.21928927650691,1.50368191719191,0.132663287428267,0.463548350952761
AGGGTTGATATGAGAACACAC,72.4102527071941,0.700193992751123,0.474022729364748,1.47713168457022,0.139640341746639,0.463548350952761
AGTAACATTGTTGGGGAAAAACG,4.98958457332365,-1.81808103250551,1.2081299759265,-1.50487204914458,0.132356975619698,0.463548350952761
TAAGCTGCCAGCATGATCTTG,28.3297266371902,0.784245549451926,0.527423175452785,1.48693797685068,0.13703119286145,0.463548350952761
TGAGCCAAGGATGACTTGCCG,7.76692433640829,1.66053510113398,1.12302675121846,1.47862470714285,0.139240645572898,0.463548350952761
CGATGAAGGTCTTTGGAACGGTA,2.33355963666285,-2.91000075059797,1.97781266374237,-1.47132274150361,0.1412038559736,0.463955526770402
TTATAAGCCATCTTACTAGTT,30.3731043763587,1.26759745452714,0.879036255605943,1.44203091333628,0.149293652977017,0.479809912450207
TCAAGCACCAGCTCGAAGAAGC,47.2997339886146,-0.784387285220207,0.543091255270408,-1.44430107759636,0.14865430280536,0.479809912450207
ATGAATTTGGATCTAATTGAG,1.05933843773202,3.41266588612318,2.37407905521233,1.43746935411886,0.150584674589324,0.479809912450207
AGATGAAAGGATTGAATAGTTTTC,2.12185155794661,2.93497573323351,2.06758325855024,1.41951997390977,0.15574747784809,0.479809912450207
TACGAGCCACTGGAAACTGAA,2.15854921838309,3.11594136510136,2.18492951167971,1.42610612765531,0.15383771028855,0.479809912450207
TCACTCCTCTTCTTCTTGATG,14.0872331758783,-1.04613763279158,0.739726669073274,-1.41422186941316,0.157296768737961,0.479809912450207
GAGCTCCTTGAAGTTCAATGG,3.94550556060363,-1.86173117535116,1.31850613587161,-1.41200038793937,0.157949846955658,0.479809912450207
TCGGACCAGGCTTCATTCCCCT,333.565494745084,-0.537640320549469,0.38070618663673,-1.41221850188236,0.157885634339316,0.479809912450207
AGGCAGTCTCCTTGGCTATC,37.6137826698954,0.782646035257114,0.581862973408158,1.34506932220297,0.17860284903859,0.527716787798011
TTTGCTTCCAGCTTTTGTCTCC,447.224893523839,-0.524688671371844,0.389478146257138,-1.34715818182373,0.177929292972431,0.527716787798011
GAGAACATTGTCAAACTTCGAACA,2.1883609191593,2.51973547347219,1.88053158578475,1.33990595665571,0.180275921297457,0.527716787798011
TATTGGCCTGGTTCACTCAGA,52.9344955586155,-0.604236663639686,0.449785237797999,-1.34338927306247,0.179145958487077,0.527716787798011
TCCAAAGGGATCGCATTGATCC,460.561463948229,-0.644058195965516,0.486148557457543,-1.3248176634192,0.185231634853864,0.537338616422922
TGTGTTCTCAGGTCACCCCT,125.554744551319,-0.580753367415724,0.446153389103434,-1.30168991562022,0.193022408275821,0.554939423792986
TAAGTTAAGATTTGTGAAGAT,1.83178266678656,2.72251527787402,2.12122890535696,1.28346133272018,0.199330498125269,0.568003720321564
TCGCTTGGTGCAGGTCGGGAAC,1254.03294861912,-0.543092035605807,0.42701938206488,-1.27182057399749,0.203436877203885,0.570713431711429
TCGGACCAGGCTTCATCCCCC,40629.6764514983,-0.489513586264339,0.386734580524549,-1.2657610953755,0.205598627573061,0.570713431711429
TACGAGCCACTTGAAACTGAA,20.3777316021252,0.960682164297796,0.756461667048977,1.26996807127782,0.204096003636222,0.570713431711429
AGAGTCCGTTGAATTTCTGTTCCT,2.01117915305029,-2.24801184311326,1.78769210499215,-1.25749385861003,0.208574861483254,0.574026541859897
GGCAAGTTGTCCTTGGCTAC,6.83423595117293,-1.41579599250924,1.14025747041209,-1.24164588195819,0.214367245350211,0.575218775023067
TACATTGACCTCCAAGATCTC,2.85269372235807,-1.86115724752684,1.49432142552825,-1.24548655713004,0.212952953864098,0.575218775023067
AGACGGAAATTTTCAATTGAATTC,6.81910387610741,1.8245380290354,1.46006078071325,1.24963155858765,0.211434169302447,0.575218775023067
GGAATGTTGTCTGGCACGAGG,32.2992819110147,-0.715967737640237,0.582570364405767,-1.22898070582519,0.219079040099549,0.578225007475859
CGCTATCCATCCTGAGTTTCA,30.8722095861507,-0.690163367601125,0.560563664334186,-1.2311953333987,0.218249816356205,0.578225007475859
TTCTTCCCAAATCTTAGATT,11.1372750756212,1.01383513092042,0.843286568438885,1.20224271186633,0.229269505432096,0.579342114445457
GTTAGTACTAATAGAACCGGGCCC,1.38710491213179,-3.25152387154344,2.69110670460101,-1.20824784315846,0.226951943928094,0.579342114445457
TCGGACCAGGCTTCATTCCCC,161836.049039883,-0.431122774919402,0.359952549169731,-1.19772113272661,0.231025599415782,0.579342114445457
AATAACAGTGGACTGGATTGACAC,63.4122845701325,-0.67436108033838,0.563900755520621,-1.19588610892315,0.231741006684354,0.579342114445457
GGTCATGCTCTGACAGCCTCACT,34.1297892638033,-0.68259092938983,0.571217611456174,-1.19497528735106,0.23209668560082,0.579342114445457
AACAGATCATTTGGATGAACCATT,74.8167251849626,0.78482941590396,0.646137763670252,1.2146471852162,0.224500684151282,0.579342114445457
TAAGATCCGGACTACAACAAAG,5.56934692400754,1.61394771390476,1.34245705765239,1.20223414574403,0.229272823342488,0.579342114445457
TTTTACTGCTACTTGTGTTCCT,2.1267147465685,2.30049090260395,1.93675743338639,1.187805381793,0.234910093611791,0.581854231869206
GTTCAATAAAGCTGTGGGAAG,46.367448335117,0.555768402347444,0.472523283165251,1.17617146529705,0.239526364619195,0.588759461125044
AGGGACTTTGTGAATTTAGGG,2.01855571511267,-2.28464012284556,1.95567724163201,-1.1682091882089,0.242722395146584,0.592095539675759
TCGATAAACCTCTGCATCCAG,720.491150075303,-0.46173691762163,0.402117874073211,-1.14826260505288,0.250860171526685,0.60281324799696
TTTGGAAATATTTGGCTTGACT,0.829392784645073,-4.10089383129317,3.56547777450643,-1.15016670714232,0.250075215762198,0.60281324799696
ACCGCTGTTAACGGCCGTTAACTG,34.0022403325604,-0.657366537716649,0.577710349787418,-1.13788257032013,0.255169520219501,0.608626559338364
TTTGGATTGAAGGGAGCTCTA,40153.9684020081,0.30602532410554,0.271524431665028,1.12706367610807,0.259715559687666,0.611786794605124
AGATATTAGTGCGGTTCAATC,18.6167118175103,0.914734001863668,0.812594445405973,1.12569561241176,0.260294381555596,0.611786794605124
CAGTAACTCATCCTCGGAAAT,0.961176845660419,3.20961930928737,2.86787494012225,1.11916292596446,0.263070638608694,0.6124963608729
CGACAGAAGAGAGTGAGCACC,2.70227622709495,-2.26446407127837,2.0511483529109,-1.10399819109366,0.269593922372342,0.6124963608729
TTGACAGAAGAAAGAGAGCAC,3.18144410310407,1.58356451445007,1.42225179348451,1.11342064865346,0.265527810826997,0.6124963608729
ATTGTCGGCACTTGAGAATGT,0.91717406561764,-3.16483029642564,2.86977190992999,-1.1028159713581,0.270107090819726,0.6124963608729
ACACTGAAGGACCTAAACTAAC,10.9892131967048,-0.960422160131999,0.867527344912226,-1.10707998516078,0.268259348139422,0.6124963608729
TAAATCCCAACATCTTCCACC,31.7632805005423,-0.713332231575476,0.656705084915456,-1.08622918865827,0.277377606582363,0.624584540695951
TGATTCTCTGTGTAAGCGAAA,1.96664242598954,2.26640395090814,2.13680344602943,1.06065157987251,0.28884827242508,0.64589683139497
AAAATGACAAGGATTGTATAAACT,1.55955775733756,2.26354236794739,2.17824415529787,1.0391591605753,0.298730720431339,0.649941162019536
TTGGGACTTATTTACAATGGCTGC,40.7308452162439,-0.68837076514063,0.65752617452341,-1.04691005744308,0.295141062798045,0.649941162019536
ATTCCATCGCGGGTGATATACCTC,6.86676860718591,-1.0131504476466,0.973132352158413,-1.04112297304619,0.297818478763001,0.649941162019536
CTGAAGTGTTTGGGGGGACTC,44.6861224436592,0.638786092599195,0.609447236163671,1.04814010909329,0.294574059175326,0.649941162019536
CATGGTCAGATCCGTCATCCC,11.9404490278957,0.851058832070115,0.826379538685646,1.02986435678662,0.303073684683092,0.654964607167488
ATCTGAAGAAAATAGCGGCAT,1.8269036930992,2.00265796501003,1.9891067472299,1.00681271520446,0.31402478311687,0.667519851366577
TCCGGAATTGTATCGAAACTCAGA,19.6786622859089,-0.709012422436673,0.705784918934064,-1.00457292783683,0.315102538533291,0.667519851366577
AGAATCTTGATGATGCTGCAG,1.82182368920982,2.17220137289352,2.16071483253898,1.00531608344681,0.314744672976792,0.667519851366577
GCAAGTTGACCTTGGCTCTGC,9.46780783766386,0.946816767233367,0.946918256614479,0.999892821391495,0.317362378813599,0.667912980248228
GATCATGTTCGCAGTTTCACC,10795.4282675707,-0.432137456830277,0.438696192306316,-0.985049481643416,0.324599766171665,0.678708601995299
TGCTCACCTCTCTTTCTGTCAGT,459.895667559635,-0.454796209559349,0.463952565963982,-0.980264455730279,0.326955595203162,0.679223881647859
TTCTTGCATATGTTCTTTATC,1.09137380667927,2.3985067757617,2.46380161405006,0.973498337724915,0.330305685968764,0.681784813345783
CTTCTGGTCAGAGGCTTGAC,4.04612514914035,1.18384994774426,1.23708991419347,0.956963543362232,0.338585656376813,0.694424085053081
CGACAGAAGAGAGTGAGCAC,3.94983354921645,-1.24230467340182,1.32797301109777,-0.935489398519379,0.349536144307883,0.705993263342185
TTCTTACTTTCTTTCTTGCTCCT,10.4094867841816,-0.789939417402611,0.841224226178742,-0.939035506610298,0.347712514671401,0.705993263342185
CTTTATATCCGCATTTGCGCA,1.35433556086333,2.1832077170741,2.35058714992339,0.928792500692965,0.352996631671093,0.705993263342185
GAGTAGAACATCTGAAACTTTGGA,2.37660998197508,1.96457412524095,2.11095617824857,0.930656043684872,0.352031514219186,0.705993263342185
TTGGCATTCTGTCCACCTCC,525.508257842448,-0.348239577345172,0.383515175587717,-0.908020332732632,0.363867479245062,0.710092898890362
AACTTGTGGAACCATGATCAACA,1.03196163042332,-2.38946326567857,2.60781510783462,-0.916270198182356,0.359525194843691,0.710092898890362
GGGCAAGATCACCATTGGCAGA,250.758683397967,-0.476971157300641,0.519202008983611,-0.918662002549565,0.358272390349666,0.710092898890362
AGGCTTTTAAGATCTGGTTGC,1.52314094257193,1.8735202186785,2.05888564811925,0.909968079281105,0.36283934425183,0.710092898890362
GGGGATTGTAGAATTGCAAACGA,1.2684750643037,-2.27992256444876,2.54916640358699,-0.894379653380269,0.371118794989371,0.71988103606372
GTTCCTCTGAGCACTTCATTG,13.3558873245387,-0.664298432244398,0.749771341145424,-0.886001365735787,0.375616791257516,0.72424315440072
TTTGGACTGAAGGGAGCTCCT,560.66776469051,0.299914014501271,0.341944003655391,0.877085169779795,0.380440379192051,0.728557885971715
TTCACAGTAGATAGATATCGAC,1.51901848034884,2.09799392378228,2.40177001669463,0.873519907900917,0.382379760028633,0.728557885971715
CATGTGCCCATCTTCACCATC,76.7505159194914,-0.477543612804672,0.551078563697899,-0.866561764987217,0.386182170668625,0.731474464442926
AATGCGCAACTCTATATTTCC,1.45279105712848,1.91740616279931,2.2529155827932,0.851077677940371,0.394726204339904,0.743285601154673
AACGATTAGAAAACAGATTGAACC,2.35677581630123,1.58812113682082,1.88528557369106,0.842376963460001,0.39957698340092,0.748045282878466
AACGGGATTGGAATAAAGAAAATT,7.01630095410708,-1.01895309874494,1.21697806778484,-0.837281398669452,0.402434412529018,0.749039773608923
TGCCAAAGGAGATTTGCCTCG,2.48328016035818,1.56290797626556,1.89046430399593,0.826732339225868,0.408388787323759,0.751435368675716
ATGTGTATAGGGAAGCTAATC,0.883297115185173,2.29256050313321,2.7690847135042,0.827912736635652,0.407719921293156,0.751435368675716
GCAGCACCATTAAGATTCAC,19.2306746985747,0.673147850710435,0.820615462029378,0.820296328618698,0.412047198835623,0.753859079687902
TTTTCTTGGCCCATCCACTTC,4.08620293820515,-1.02231207419696,1.25902011949737,-0.811990260016726,0.41679722037937,0.75824127097264
TTCGCTTGCAGAGAGAAATCAC,361.032841270363,-0.475755369820536,0.610393720979659,-0.779423761202797,0.435730131341835,0.76347529182108
GACATGTGTCATGATCTCGTGATT,51.1197672135245,-0.350924005509648,0.441787332840153,-0.794327902644095,0.427004564281568,0.76347529182108
TTTGGATTGAAGGGAGCTCCT,10.1074585825152,0.672780454080908,0.860388437792299,0.781949668927698,0.434244153309454,0.76347529182108
TTTCTAGTGGGTCGTATTCAC,239.627523700043,-0.299287395737959,0.384438827188041,-0.778504600919428,0.436271595326331,0.76347529182108
CAGCCAAGGATGACTTGCCGG,2.77058285956116,-1.5452873715649,1.92622398631447,-0.802236594780222,0.422416111637299,0.76347529182108
TCGCTTGGTGCAGGTCGGGAA,1054.12747510141,-0.286635005635668,0.36383180647668,-0.787822836083025,0.430800341580695,0.76347529182108
TGCGCAACTCTATATTTCCTC,10.1566651756972,0.623317436289858,0.790288962317857,0.788720918563402,0.430275138886953,0.76347529182108
ACCGCAACCAGAACTTAAAAGCCT,49.1710673178435,-0.460434025714871,0.594557557731984,-0.774414553691412,0.438685679884128,0.763550210392915
ATGCACTGCCTCTTCCCTGGC,2486.40632183262,-0.351827949866591,0.459191135515407,-0.766190639703207,0.44356287706281,0.767888421581855
TCTGGGATGAATTTGGATCT,12.2538617848772,0.687489242647019,0.910749560684445,0.75486091053435,0.450332442097966,0.77171092221134
TCACAGTAGATAGATATCGAC,1.30711137429261,1.93486178799194,2.56451462277073,0.754474851034967,0.450564140918422,0.77171092221134
TTAGTTGTCGTCGTATCTTTG,15.3946965850997,-0.544687687617832,0.739532297404801,-0.7365299521458,0.461408246431234,0.781201934990252
CGACAGAAGAGAGTGAGCACT,2.45232292687592,-1.66067313224488,2.24962270198065,-0.738200735075603,0.460392476268167,0.781201934990252
TGCCAAAGGAGATTTGCCCGG,154.31853996923,0.33277740810015,0.453816407122517,0.733286419083367,0.463383756469373,0.781201934990252
GATCCCCGGCAACGGCGCCA,13.3446583555688,0.711132774466141,0.98165187171285,0.724424610147495,0.468805095537557,0.786225212307778
ATTAAAGACATTTCCTTTTGGATG,1.16487537673039,1.63695765145306,2.29232073549677,0.714104979335848,0.475162267182562,0.788671391921571
TCAAGGAACGGATTTTGTTAACT,7.01772027185442,0.752281966889165,1.04877523969315,0.717295697321446,0.473191661559007,0.788671391921571
TGGGTTGAGTTGAGTTGAGTTGGC,2.37187423465935,-1.26373284414782,1.80889692846548,-0.698620703181726,0.48478910185563,0.800523542551348
TTGGTTACCCATATGGCCATC,0.999528483469469,-1.82847319498015,2.63435543214529,-0.694087507201383,0.487627332630813,0.801102046464907
TTCCTCAAATTTATCCAAAATT,16.7468829889847,-0.818017884221694,1.19453756853429,-0.684798792243436,0.493470897601448,0.801497784917416
AAGATATCATCGACGTAGAGAAGA,2.70772820279709,1.15983680904528,1.7010216407053,0.681847180124276,0.495335587573185,0.801497784917416
AGGCAGTCTCTTTGGCTATC,12.6722937237749,0.527096524283803,0.771442650016555,0.683260802695432,0.494442057925728,0.801497784917416
AGAGAGTGTAGAAAGTTTCTCA,1.48111824419056,1.47479713140151,2.18130071451784,0.676109039705469,0.498971417716716,0.803343982523913
AATACGAGCCACTGGAAACTG,32.0562987755748,0.419179313735679,0.634162380806668,0.660996814731384,0.508614356292853,0.814795137941785
TTAAAGTCAATAATACCTTG,0.830398458946095,1.84209354076509,2.80544277859094,0.656614191108293,0.511429021702797,0.81524824251634
TAGTCCGGTTTTGGATACGTG,1.09269426619801,-1.83742482305413,2.94319816540256,-0.624295314074721,0.532433660754912,0.832250673607192
TTTGCTTCCAGCTTTTGTCTC,4.2917400759817,-0.823181192524924,1.31121325750905,-0.627801151193928,0.530134211893256,0.832250673607192
TGCCAAAGGAGATTTGCCCTG,246.669984220019,0.228880466803185,0.365516415303478,0.626183824365731,0.531194375743218,0.832250673607192
ATGAAACTAACCGGATTTTGGATC,42.0504853883404,-0.388028247483159,0.610593095974313,-0.635493997625357,0.525106280235162,0.832250673607192
CACGTGTTCTACTACTCCAAC,11.6329138370888,0.489815722164105,0.79801058659903,0.613796020240292,0.539350127452634,0.835185965032632
TGAAGCTGCCAGCATGATCTA,3000.09994083086,-0.158530290180331,0.258373279343328,-0.613570763134818,0.539499008468284,0.835185965032632
TTTAGGTCGAGCTTCATTGGA,12.9345805995836,-0.493369489445737,0.809333315557854,-0.609599876789539,0.54212689327042,0.83523856283768
TTTGAGAAAAATAACGTTGATTGA,19.2207944968609,0.646257101249777,1.08165550227003,0.597470358994616,0.550193390985833,0.840591286149255
AGCTAAGGATTTGCATTCTCA,1.82556171887651,1.28115856491085,2.14769056109087,0.596528470218782,0.550822240302773,0.840591286149255
ATCGCAAATTCTGCTAGGGATTTG,2.5875506056322,-1.12479846114789,1.89821211036709,-0.592556782777227,0.553477808939898,0.840659690937015
ACGGATTTGAACTACGCAATGCCT,1.43499166083473,1.31244799420177,2.28572360119309,0.574193657324404,0.565836760923949,0.851399238399586
AACATGAGGACTTTATACTTG,5.78918397842504,0.587202011322871,1.01654796636437,0.577643191223889,0.563505040392455,0.851399238399586
GAATTCTGAGATCGTCCGTCTTA,18.8082833900968,-0.398478011988414,0.704798323258192,-0.565378774095689,0.571816158744225,0.855305439757513
GAGATTCTTTCAGTCCAGTC,4.69459316750802,0.78588944133317,1.39702688573092,0.562544249763664,0.573745263936717,0.855305439757513
CAGCCAAGGATGACTTGCCGGC,12.4449060434515,-0.470178553372576,0.847744590097335,-0.55462288862096,0.57915262994271,0.859387773463376
AACCTGAGGTCGTTGTCTTTGATG,4.43071122915787,0.761381592433114,1.3842774633687,0.550020940585322,0.582305010769291,0.86010189664088
TAATCTGCATCCTGAGGTTTA,48.6368759747163,0.260260818736154,0.498610121862622,0.521972594065912,0.601689412353424,0.884675756976268
ACGGTATCTCTCCTACGTAGC,86.4093667315399,-0.28090591061622,0.545446524277553,-0.515001742816642,0.606551802140573,0.887771274042112
ACATATGATCTGCATCTTTGC,3.49989836118214,-0.803711664462679,1.57850213214074,-0.509160962217199,0.610639403752288,0.889271546710219
GCAGCACCATTAAGATTCACA,13.5505648165049,0.414982370425389,0.820686042974321,0.505653013083315,0.613100258912014,0.889271546710219
AAAGTATAATGGTTTAGTGGTTTG,0.957193111386661,1.57114954359306,3.27377470987533,0.479919873182993,0.631284369507763,0.907350889622348
ACGAAGCATCTGTCCCCTGGT,3.12905852013206,-0.702879100878845,1.5083650764484,-0.465987387174097,0.641224528707095,0.907350889622348
TTGAGCCGTGCCAATATCACGT,239.451723928562,0.242937817551181,0.507028430188666,0.479140425046349,0.631838732780081,0.907350889622348
TTCTTCCCAAATCTTAGATTT,4.6947145840261,-0.639827855353344,1.35594584503107,-0.471868295992813,0.637020798928003,0.907350889622348
GGCAAGTTGTCCTTCGGCTACA,2.76501610266422,0.819913310598525,1.7577549524956,0.46645484311362,0.640889963207645,0.907350889622348
TTTTACTGCTACTTGTGTTCC,3.26972242762818,-0.773888875009929,1.66698292875087,-0.464245231107335,0.642472058490358,0.907350889622348
CGCTATCCATCCTGAGTTCC,9.87741742713925,-0.463911850227766,1.04738042697357,-0.442925835045677,0.657819379922286,0.913420420398438
TGAGCCTCTGTGGTAGCCCTCA,2.4091390994218,-0.764163930728684,1.73511189042278,-0.440411903662584,0.659638804993409,0.913420420398438
ACTGTTTGAACAAAAGAACTCCGT,36.6206857453064,-0.303416577844313,0.675955190671555,-0.448870845333507,0.653524828692686,0.913420420398438
TGCCAAAGGAGATTTGCCTCGT,2.3598272665208,-0.746033425373914,1.70095270836619,-0.438597394098335,0.660953285567814,0.913420420398438
ATCAGTTTCTTGTTCGTTTCA,0.82214496370088,1.15314725665262,2.58904517290604,0.445394799874537,0.656034469527746,0.913420420398438
TAGGTCATGCTGGTAGTTTCACC,218.625539075972,-0.215224341868083,0.538465741557857,-0.399699229231202,0.689378059888931,0.922116130673585
ACAAAATCCGTCTTTGAAGA,13.4623980575198,0.309005011173711,0.795871007009878,0.388260168359012,0.697823510700782,0.922116130673585
TAGTGGAAGCAGCAACGAGAA,2.03945396545093,-0.867960242916292,2.1772017647969,-0.398658616279993,0.690144764724798,0.922116130673585
TCTCGCGCTTGTACGGCTTT,3.88634000258839,0.58325486643191,1.50648278387426,0.38716331356402,0.698635307850785,0.922116130673585
TGGTAAGATTGCTTATAAGCT,1.87995697175904,0.910914326099385,2.22819229850737,0.408813156166814,0.682676784308607,0.922116130673585
ATAAATCCCAACATCTTCCA,12.5205362861108,-0.308573309225873,0.827270155521259,-0.373001863014679,0.709147057380684,0.922116130673585
AGATATTGGTGCGGTTCAATC,42.317452737364,-0.206428121946496,0.555532819704544,-0.371585826479673,0.710201243500152,0.922116130673585
TCCAATAGGTCGAGCATGTGC,1.42230235753672,-0.901851741778524,2.14067648993032,-0.421292869810458,0.673541236175709,0.922116130673585
TTCCACAGCTTTCTTGAACTT,1473.66434063809,0.222891817200376,0.597524892869832,0.37302515737856,0.709129720248928,0.922116130673585
AAGATAAGCGCCTTAGTTCTG,8.16934958637649,0.352332760500535,0.840226396202951,0.419330744776353,0.674974430282619,0.922116130673585
GGAATCTTGATGATGCTGCAT,1.92066754323949,-0.81042732125253,2.14730064193095,-0.377416792705728,0.705863889286528,0.922116130673585
CGTACAAGGAGTCAAGCATGA,12.3954183792571,0.333219490269829,0.811304337342218,0.410720706068743,0.68127734215288,0.922116130673585
TTGGACTGAAGGGAGCTCCCT,3657.07556108127,0.143028111016632,0.361910023584454,0.395203508319674,0.692692703728418,0.922116130673585
AGAAATCACGGAATGAAAAACTTC,104.286913121659,0.247314995323575,0.663118783388836,0.372957306471826,0.709180219583915,0.922116130673585
GTCCTCGGGATGCGGATTACC,24.9656815007772,-0.299400668047651,0.767109935549809,-0.39029694985382,0.696316978482167,0.922116130673585
GTTCCCTTTAACGCTTCATTG,2.88878400650128,0.576891052516019,1.57657852690358,0.365913300651785,0.714429771151309,0.92388106952097
TTGAAGAGGACTTGGAACTTCGAT,1635.36234526114,0.123305273424392,0.351614323249555,0.350683306313653,0.72582595080829,0.93292153371313
TGATTGAGCCGTGTCAATATC,50.4259444237539,0.176148841922669,0.504967158536213,0.34883227343593,0.727215232801229,0.93292153371313
GTTCCTCTGAGCACTTCATT,14.5872020863225,0.23782249588294,0.819060409064457,0.290360141023767,0.771540733617225,0.942551420939634
TGGCCGGAGAACAAAGAAACGAGC,1.23874070064098,-0.708207220356867,2.23786438578691,-0.316465655763067,0.751649089355392,0.942551420939634
TCCAACTGTAAATCCGAAACCC,2.16873804793955,0.512490312889763,1.77988964350129,0.287933757444436,0.773397445936225,0.942551420939634
TTGGGGACGAGATGTTTTGTTG,6.1283796118337,-0.301963040347163,1.09932152300113,-0.27468127752362,0.783561116447251,0.942551420939634
ACCCCTTACAATGTCGAGTAA,7.31681348004624,-0.337099020824303,1.12270086807011,-0.300257201549836,0.763980976118556,0.942551420939634
AAACGAGAACTGCTGAAACTGGTT,5.37115099767828,-0.319837079896459,1.16136749629566,-0.275396961699567,0.783011278087553,0.942551420939634
ATGGAACGAAGACGATGAATTAGT,1.04024726843525,-0.922047276461529,2.7903757859084,-0.330438387946861,0.741068739562722,0.942551420939634
TTCCTCAAATTTATCCAAAAT,11.4256885674686,0.286580215131985,0.967841337806504,0.296102474586883,0.767151824237171,0.942551420939634
TGCCAAAGGAGAGTTGCCCTG,1747.96164612001,-0.100437313919176,0.367255696746678,-0.273480615301265,0.784483791341062,0.942551420939634
TTATGTCTTGTTGATCTCAAT,1.53589912523185,0.665871024514459,2.14529780636906,0.310386288811553,0.756267219577642,0.942551420939634
CCCCAAATGTAGACAAAGCA,75.0584173934116,-0.142717540816648,0.427138519039085,-0.33412472641829,0.738285442250806,0.942551420939634
AGATGTGGAGATCGTGGGGATG,2.49857905842266,0.536608597724739,1.74776783807115,0.307025101409889,0.758824266184445,0.942551420939634
TGAGAGAAGGAATTAGATTCA,0.841753812225069,-0.903430253690564,2.83376788116619,-0.318808840941049,0.749871473744516,0.942551420939634
TCAGCTGAGCTTTCTCGTCATC,27.802946458397,-0.203898581854702,0.726107002991585,-0.280810653270982,0.778855632145428,0.942551420939634
TTGGACTGAAGGGAGCTCCTT,385.335372252292,0.103289450333034,0.341443070100249,0.302508556705244,0.762264411529361,0.942551420939634
TTTGGATTGAAGGGAGCTCTT,15436.1785913944,0.075322517318833,0.253703385309757,0.296892046698031,0.766548928377482,0.942551420939634
TTTCGTTGTCTGTTCGACCTT,124.758588280584,0.126679224262772,0.436524150738234,0.290199806926,0.771663383910754,0.942551420939634
ATTACAACTGAGACTTTGACTAGT,7.1534350422198,0.307246037832335,1.17687524683823,0.261069334798039,0.794039039112823,0.950485392543975
TGGAAGATGCTTTGGGATTTATT,2.55070921154491,-0.403462155348733,1.57443109880049,-0.256259010417235,0.797750845635025,0.951391749238808
CGGCTCTGATACCAATTGATG,4.37132240430526,0.34221509528206,1.38281379663951,0.247477350973576,0.804538817755782,0.955946491945985
TGACAGAAGAGAGAGAGCAC,0.847480422150623,0.615221356848454,2.65655925987873,0.231585783212131,0.816859750707233,0.963475603398275
AATCCTTGACCATCGTTGGCCA,1.94527441948504,-0.52282998616796,2.23565372396732,-0.233860002809452,0.815093665357419,0.963475603398275
TTGAGCCGTGCCAATATCACG,19.8566104379924,-0.179176799885883,0.822891196818614,-0.217740571996152,0.827631250133969,0.96419406123793
TCCCCTCTTTAGCTTGGAGAAG,1.00087752422447,-0.487313149150883,2.60383622421336,-0.187151996972507,0.851541460622667,0.96419406123793
AGGATTTACAAGGATTTTAAACCC,1.30399707898756,0.464221293501477,2.49182786723848,0.186297496550571,0.852211470563141,0.96419406123793
TGGGACTGCCTAAGCTAAAGGCTT,11.8670271647903,0.14751036344629,0.832684962733892,0.177150266965288,0.859390358929459,0.96419406123793
TGGAGAAGCAGGGCACGTGCA,114.461289728726,-0.11163100568138,0.531635707784089,-0.209976500913885,0.833686013735341,0.96419406123793
TTCCGAGACGGTGTGAGAACC,1.06146191637182,0.463777061296329,2.61714541282254,0.177207219371183,0.859345625171489,0.96419406123793
AATTGGGTTTATGCTAGAGTT,1.20518016959163,0.469937636058578,2.63836231818833,0.17811717246677,0.858630955998222,0.96419406123793
CAGCCAAGGATGACTTGCCGA,74.8747559822537,-0.110027871751005,0.532823685221971,-0.206499588518043,0.836400686130228,0.96419406123793
TGTGTTCTCAGGTCACCCCTG,9165.62526145539,0.0762737048898817,0.342447475914003,0.222731105511305,0.823744790713279,0.96419406123793
TAAGCTGCCAGCATGATCTTGT,22.869866828059,0.118857411357578,0.613059915545576,0.193875685465105,0.846273222645343,0.96419406123793
TTCGCAGGAGAGATAGCGCCA,20.0944953552394,-0.13903209726002,0.77581068104674,-0.17920879495038,0.857773758149476,0.96419406123793
AGGAACCAAGAAGAACATAGGAAT,2.7866634787948,-0.339927100373048,1.53874554955026,-0.22091183332579,0.825161083376706,0.96419406123793
ACAAACTCGGTGTACATAGAC,3.51954146403161,0.285124847957635,1.49494581555549,0.190725874470366,0.848740365898537,0.96419406123793
ATTTCTAGTGGGTCGTATTCA,3.47590181587928,-0.313990441527248,1.48445883302096,-0.211518456788902,0.832482731568581,0.96419406123793
TTTTCGATGTCTAGCAGTGCC,43.0939483365069,0.0785358507138291,0.505139492592305,0.155473590692334,0.876447972338304,0.969815282106302
TCATGGTCAGATCCGTCATCC,16.4867499098724,0.114376831611718,0.696781647000778,0.164150178329238,0.869612920916561,0.969815282106302
GAGGATTAGCAACGTTGGTGCTGC,24.0488918936657,-0.0946543754855307,0.601318339768478,-0.157411422911157,0.874920611503995,0.969815282106302
CCCGTCTTGTATCAACTGAAT,21.132570333508,-0.0948364624753074,0.58363503193349,-0.162492751953441,0.87091783553053,0.969815282106302
ATCAGAATTCTGTACGCAAATGAC,2.09617534233636,-0.335383848625654,2.36727337157079,-0.141675166313011,0.887336591460885,0.973734152324797
TTCGTTGTCTGTTCGACCTTG,103.971139747943,-0.085057958265357,0.597580182841721,-0.142337314234341,0.886813574067527,0.973734152324797
TGTGCAAATGCTTTCTACAGG,28.2575952819689,-0.0736877387338951,0.543157100366709,-0.135665608871071,0.892085636446631,0.973734152324797
AGCTCTGATACCAAATGATGGAAT,10.2780148052997,0.12230613793457,0.894788734790036,0.136687167796396,0.891278072939991,0.973734152324797
TGACAGAAGAGAGTGAGCAC,2313.41295188019,-0.0516896818813004,0.414922211887732,-0.124576801145768,0.900858595302764,0.979172001038475
TGTTTGTTGTACTCGGTCTAGT,3.72193221870799,0.157726088972434,1.3384164805053,0.117845297984441,0.906190236985918,0.979172001038475
TGGAGAAGCAGGGCACGTGCG,6.40206378244872,-0.123567107703751,1.01928497881954,-0.121229205052014,0.903509492420456,0.979172001038475
ATAGGAGAGAAACGAATTGAACGT,5.18390232850673,0.145278209219238,1.29906144375193,0.111833208442895,0.910955656146165,0.981029168157408
TTATGTGATACATTGACCTCC,1.1680920748127,-0.243324372819338,2.49195595256803,-0.0976439300897696,0.922215039989159,0.983088868278469
TTTGACGTGCTCGATCTGCTC,7.50776113500583,0.102994072995456,0.977153926356933,0.105402097067187,0.916056752116121,0.983088868278469
TGTGTTCTCAGGTCACCCCTT,23.2073094253116,-0.0707929777062585,0.703034148142548,-0.100696357201563,0.919791503208703,0.983088868278469
TACCTCTGTAGTCAGTGATCGCCT,6.18272472408191,-0.0990717428640696,1.05355065021149,-0.094036051180057,0.925080518908001,0.983088868278469
TGAAAGTGACTACATCGGGGT,3165.97306970337,0.0244641912266459,0.310735955718557,0.0787298372667367,0.93724751242665,0.989487537709447
GGAATGTTGTCTGGATCGAGG,81.8445734633928,0.0460914045723726,0.579682349231767,0.0795114852702622,0.936625796612202,0.989487537709447
TGGAGGCAGCGGTTCATCGATC,10.3434507787448,-0.0702095277738827,0.941822123030477,-0.0745464839453668,0.94057555519365,0.989755976380246
ACAGGGAACAAGCAGAGCATG,85.0673567876417,0.0252622809139063,0.431146674298962,0.0585932408152804,0.953276094483004,0.993455649649571
GCGTATGAGGAGCCATGCATA,19.634299647374,0.041478823745353,0.662211345128453,0.0626368364880658,0.950055695720154,0.993455649649571
CCGTATCTTGGCCTTGTCATT,2.71009549095715,0.0931487006687655,1.59217713850858,0.0585039807543145,0.953347191744464,0.993455649649571
TACATAGACCAAACCAAGGCG,5.27422231263123,-0.0562718774923917,1.12813863221283,-0.0498802858847366,0.960217787329858,0.997387508129724
GCAAGTTGACTTTGGCTCTGT,1.88557549271827,-0.0995647404052818,2.54190420489793,-0.0391693519423089,0.968755368483638,0.998896535431394
AAGGTCTTGAATGTTTTGTAGATT,7.52548223190271,0.0381396608537579,1.10928658210781,0.0343821528799951,0.972572414995971,0.998896535431394
TGAGAGAAGTGAGATGAAATC,1.16406735299752,0.0735934004991404,2.6426027035577,0.0278488326679083,0.977782718211523,0.998896535431394
GCAAGTTGACCTTGGCTCTGT,3.00017790813496,-0.0436207890362149,1.74249658834262,-0.0250335003970969,0.980028242522742,0.998896535431394
TAGCCAAGGATGACTTGCCTGA,7.07254532417474,-0.00197256941608974,1.11196375576699,-0.00177395117948709,0.998584592484628,0.998896535431394
AGAGAGTATGTTGGATTTCAATA,2.611279746681,-0.00268430877644369,1.94094845212225,-0.00138298818472414,0.998896535431394,0.998896535431394
AACGGAAGCTCTGACTCCTCTCCT,3.00825664113975,0.00461277999044361,1.5348477981522,0.00300536639267876,0.997602068165504,0.998896535431394
ATGGTCGAAGTAGGCAAAATC,22.877086937965,-0.00167442100203707,0.635093999679929,-0.00263649318507328,0.99789638523004,0.998896535431394
CCTTCTCATCGATGGTCTAGA,1591.85403906065,0.0049661395530553,0.298010216650211,0.0166643265082562,0.986704406529625,0.998896535431394
TTAGAATGTGATGCAAAACTT,1.2843403065231,0.0853434773706001,2.44208102640902,0.0349470293768648,0.972121979476949,0.998896535431394
CGGCTGTATCTGTAGATTTATTGC,5.655134005694,0.0170498069974759,1.35995735866019,0.0125370158769339,0.989997170629337,0.998896535431394
AGAATCTGTCGGAAAGTTTTGACA,1.73584769450079,-0.00954042724106473,2.18380769493566,-0.00436871216416599,0.996514283101484,0.998896535431394
